file	bytes	sha256
00_MASTER_CONTEXT_FULL_DATA.md	196217	93c4f90cc067b490ba87763d1b5dfa1d17c0d5a254162c39c93c7c822f54bfea
01_PRODUCT_VISION_AND_SCOPE.md	1788	32d0a2597f03c880d6c9dcfb0812f549aad6708a0b643e3e95b1f221847d7656
02_PRODUCT_REQUIREMENTS_DOCUMENT.md	2904	21d7ad8535794c107c0f3b275b38bff57152beff2e43b649d2daa9da0d30753b
03_SYSTEM_ARCHITECTURE.md	1565	8c869f2e8f512bceaf8cf072ef94dc2247ef24c7f01e6c52e22a5c879a5e52b8
04_DATA_ARCHITECTURE_AND_GOVERNANCE.md	1581	68a265697c73ffed7db3fdcc82cb03dbdeeb957f3076949a25b7d95ad4043ba1
05_HYDROLOGY_AND_ANALYTICS_SPEC.md	1724	dbf285c657cf1e89f3d1f1a47c21785e99c13120a0c3fb4d40a145718d87aea4
06_REQUIREMENTS_CATALOG.md	1927	5d5e01485e19be6613008314f74742c2a821bbe16eb8f85b2b976d8015886c4e
07_USER_ROLES_AND_WORKFLOWS.md	1052	7ed5720f59c171808b9082076e335c0bba064153fbe3adf3d47e8ed4f2ebc47b
08_API_AND_CANONICAL_DATA_MODEL.md	1861	dbcaac7d80f8052cb792668b19ad66ecf93144a3d9781246f5c45812bdc9e247
09_SECURITY_PRIVACY_AND_COMPLIANCE.md	1215	ee054657cada0f7170a1f29e1368e8c8a0d28a22edfc6946c0a98b4e80b91e0d
10_INSTITUTIONAL_GOVERNANCE.md	1119	5f73f7f33dcc240ad9a05d905543dfeed84c2c34d72b037e396f03e670153a5f
11_IMPLEMENTATION_ROADMAP.md	1133	4a2783b52d32fd7dbdb9606df789beef727da01408506ef85847d4f3361c0cd0
12_TEST_AND_ACCEPTANCE_STRATEGY.md	985	73c918ef28de0b927098758abb199830e2f8b9dbfe1783cbca7fa646863bb9ec
13_RISK_REGISTER.md	1109	16a1c88748f2c4e9f5901ac6cb2e082c0020f9a3b2796f146d6a285413ad14d8
14_GOVTECHATHON_CONCEPT_NOTE_10_SLIDES.md	1416	edfe2d75235832c80bec1cc503a6a97de2540a247dee4ecdfea4f9446bd78f90
15_KPI_AND_MONITORING_FRAMEWORK.md	988	ed151ccffaa41468074b593116f3b21a628d694741318f980472fb1a18244b29
16_DECISION_LOG_AND_OPEN_QUESTIONS.md	849	c91befc7225fe1c00042f108ae9115ba14f8db39e9c9d6069ec444a889ae8b54
17_GLOSSARY.md	927	70fed6aabebb522b49682063e3da31728f242bf799f852b940d7d6540f6ecf52
18_TRACEABILITY_MATRIX.md	947	222bbff7d795b50716d146a1aa41c66b5b271f0d16393ad068640e6e10a42dc3
19_AI_AGENT_SYSTEM_PROMPT.md	14240	464339b20502e4678c3f3775b65517cfa7146fcb448081a2c5dd5dc0eef84537
README.md	2208	715277a2cfd4194b17f392fbed9ceed6f14248cb2e41ce381358645a035e76bc
