id_adm_provinsi,nama,lon,lat,kategori,record_no,source_url,retrieved_at_utc
31,Cipta 2,106.8259533,-6.2558647,hotel,1,https://regionalinvestment.bkpm.go.id/be/daerah/get_hotel_by_prov/31?_t=1789889629722,2026-09-20T07:56:13.526285+00:00
31,F HOTEL JAKARTA,106.795435,-6.2470688,hotel,2,https://regionalinvestment.bkpm.go.id/be/daerah/get_hotel_by_prov/31?_t=1789889629722,2026-09-20T07:56:13.526285+00:00
31,FAVE HOTEL,106.8101583,-6.2564019,hotel,3,https://regionalinvestment.bkpm.go.id/be/daerah/get_hotel_by_prov/31?_t=1789889629722,2026-09-20T07:56:13.526285+00:00
31,Hotel Sultan,106.809361011392,-6.21836416571088,hotel,4,https://regionalinvestment.bkpm.go.id/be/daerah/get_hotel_by_prov/31?_t=1789889629722,2026-09-20T07:56:13.526285+00:00
31,Hotel Diradja,106.8203154,-6.239822686,hotel,5,https://regionalinvestment.bkpm.go.id/be/daerah/get_hotel_by_prov/31?_t=1789889629722,2026-09-20T07:56:13.526285+00:00
31,Hotel Kristal,106.791041022455,-6.28336044020164,hotel,6,https://regionalinvestment.bkpm.go.id/be/daerah/get_hotel_by_prov/31?_t=1789889629722,2026-09-20T07:56:13.526285+00:00
31,Veranda Hotel Pakubuwono,106.785672,-6.239513392,hotel,7,https://regionalinvestment.bkpm.go.id/be/daerah/get_hotel_by_prov/31?_t=1789889629722,2026-09-20T07:56:13.526285+00:00
31,Aston Priority Simatupang,106.8346273,-6.301036393,hotel,8,https://regionalinvestment.bkpm.go.id/be/daerah/get_hotel_by_prov/31?_t=1789889629722,2026-09-20T07:56:13.526285+00:00
31,Cipta Hotel Pancoran,106.843412,-6.247141864,hotel,9,https://regionalinvestment.bkpm.go.id/be/daerah/get_hotel_by_prov/31?_t=1789889629722,2026-09-20T07:56:13.526285+00:00
31,Amaris Hotel Pancoran,106.8429882,-6.247392494,hotel,10,https://regionalinvestment.bkpm.go.id/be/daerah/get_hotel_by_prov/31?_t=1789889629722,2026-09-20T07:56:13.526285+00:00
31,Saré Hotel,106.8021825,-6.241604901,hotel,11,https://regionalinvestment.bkpm.go.id/be/daerah/get_hotel_by_prov/31?_t=1789889629722,2026-09-20T07:56:13.526285+00:00
31,Gran Mahakam Hotel,106.7932287,-6.244361,hotel,12,https://regionalinvestment.bkpm.go.id/be/daerah/get_hotel_by_prov/31?_t=1789889629722,2026-09-20T07:56:13.526285+00:00
31,Gran Melia Jakarta,106.827884,-6.2345001,hotel,13,https://regionalinvestment.bkpm.go.id/be/daerah/get_hotel_by_prov/31?_t=1789889629722,2026-09-20T07:56:13.526285+00:00
31,Hotel Ambhara,106.8011911,-6.2432878,hotel,14,https://regionalinvestment.bkpm.go.id/be/daerah/get_hotel_by_prov/31?_t=1789889629722,2026-09-20T07:56:13.526285+00:00
31,Hotel Bidakara,106.839713,-6.2403324,hotel,15,https://regionalinvestment.bkpm.go.id/be/daerah/get_hotel_by_prov/31?_t=1789889629722,2026-09-20T07:56:13.526285+00:00
31,Hotel Dharmawangsa,106.8027199,-6.2532372,hotel,16,https://regionalinvestment.bkpm.go.id/be/daerah/get_hotel_by_prov/31?_t=1789889629722,2026-09-20T07:56:13.526285+00:00
31,Hotel Grand Flora,106.8129273,-6.2562,hotel,17,https://regionalinvestment.bkpm.go.id/be/daerah/get_hotel_by_prov/31?_t=1789889629722,2026-09-20T07:56:13.526285+00:00
31,Hotel Grand Kemang,106.8085865,-6.2553604,hotel,18,https://regionalinvestment.bkpm.go.id/be/daerah/get_hotel_by_prov/31?_t=1789889629722,2026-09-20T07:56:13.526285+00:00
31,Hotel JW Marriott,106.8248302,-6.2274616,hotel,19,https://regionalinvestment.bkpm.go.id/be/daerah/get_hotel_by_prov/31?_t=1789889629722,2026-09-20T07:56:13.526285+00:00
31,Hotel Kartika Chandra,106.8168063,-6.227356,hotel,20,https://regionalinvestment.bkpm.go.id/be/daerah/get_hotel_by_prov/31?_t=1789889629722,2026-09-20T07:56:13.526285+00:00
31,Hotel Kemang Icon,106.8128166,-6.2555302,hotel,21,https://regionalinvestment.bkpm.go.id/be/daerah/get_hotel_by_prov/31?_t=1789889629722,2026-09-20T07:56:13.526285+00:00
31,Hotel Melawai,106.7974033,-6.2457748,hotel,22,https://regionalinvestment.bkpm.go.id/be/daerah/get_hotel_by_prov/31?_t=1789889629722,2026-09-20T07:56:13.526285+00:00
31,Hotel Park Lane,106.8376134,-6.2243293,hotel,23,https://regionalinvestment.bkpm.go.id/be/daerah/get_hotel_by_prov/31?_t=1789889629722,2026-09-20T07:56:13.526285+00:00
31,Hotel Ritz Carlton,106.8096727,-6.2259143,hotel,24,https://regionalinvestment.bkpm.go.id/be/daerah/get_hotel_by_prov/31?_t=1789889629722,2026-09-20T07:56:13.526285+00:00
31,Raffles Jakarta,106.8218064,-6.22448,hotel,25,https://regionalinvestment.bkpm.go.id/be/daerah/get_hotel_by_prov/31?_t=1789889629722,2026-09-20T07:56:13.526285+00:00
31,Hotel Sofyan Tebet,106.844722889364,-6.2369208841809,hotel,26,https://regionalinvestment.bkpm.go.id/be/daerah/get_hotel_by_prov/31?_t=1789889629722,2026-09-20T07:56:13.526285+00:00
31,Hotel The Park Lan,106.8376134,-6.2243293,hotel,27,https://regionalinvestment.bkpm.go.id/be/daerah/get_hotel_by_prov/31?_t=1789889629722,2026-09-20T07:56:13.526285+00:00
31,InterContinental Jakarta MidPlaza Hotel,106.820602574097,-6.20897822836113,hotel,28,https://regionalinvestment.bkpm.go.id/be/daerah/get_hotel_by_prov/31?_t=1789889629722,2026-09-20T07:56:13.526285+00:00
31,POP! Hotel Tebet,106.8449465,-6.232946766,hotel,29,https://regionalinvestment.bkpm.go.id/be/daerah/get_hotel_by_prov/31?_t=1789889629722,2026-09-20T07:56:13.526285+00:00
31,POP! Hotel Kemang,106.8090555,-6.254887169,hotel,30,https://regionalinvestment.bkpm.go.id/be/daerah/get_hotel_by_prov/31?_t=1789889629722,2026-09-20T07:56:13.526285+00:00
31,Aston Rasuna Residence,106.8344203,-6.219456,hotel,31,https://regionalinvestment.bkpm.go.id/be/daerah/get_hotel_by_prov/31?_t=1789889629722,2026-09-20T07:56:13.526285+00:00
31,Hotel Harris Tebet,106.8456043,-6.222945,hotel,32,https://regionalinvestment.bkpm.go.id/be/daerah/get_hotel_by_prov/31?_t=1789889629722,2026-09-20T07:56:13.526285+00:00
31,DCOZIE HOTEL BLOK M,106.800027,-6.2426121,hotel,33,https://regionalinvestment.bkpm.go.id/be/daerah/get_hotel_by_prov/31?_t=1789889629722,2026-09-20T07:56:13.526285+00:00
31,Le Meridien Jakarta Hotel,106.818667575717,-6.21339063062421,hotel,34,https://regionalinvestment.bkpm.go.id/be/daerah/get_hotel_by_prov/31?_t=1789889629722,2026-09-20T07:56:13.526285+00:00
31,Manhattan Hotel,106.828925,-6.2252555,hotel,35,https://regionalinvestment.bkpm.go.id/be/daerah/get_hotel_by_prov/31?_t=1789889629722,2026-09-20T07:56:13.526285+00:00
31,Oakwood Premier Cozmo Jakarta,106.8231905,-6.2274886,hotel,36,https://regionalinvestment.bkpm.go.id/be/daerah/get_hotel_by_prov/31?_t=1789889629722,2026-09-20T07:56:13.526285+00:00
31,Somerset Grand Citra Jakarta,106.8226453,-6.224562,hotel,37,https://regionalinvestment.bkpm.go.id/be/daerah/get_hotel_by_prov/31?_t=1789889629722,2026-09-20T07:56:13.526285+00:00
31,The Dharmawangsa Hotel,106.8027199,-6.2532372,hotel,38,https://regionalinvestment.bkpm.go.id/be/daerah/get_hotel_by_prov/31?_t=1789889629722,2026-09-20T07:56:13.526285+00:00
31,The Grove Suites,106.8321089,-6.2182723,hotel,39,https://regionalinvestment.bkpm.go.id/be/daerah/get_hotel_by_prov/31?_t=1789889629722,2026-09-20T07:56:13.526285+00:00
31,The Mayflower Jakarta Marriott Executive Apartments,106.822417688673,-6.20820059957821,hotel,40,https://regionalinvestment.bkpm.go.id/be/daerah/get_hotel_by_prov/31?_t=1789889629722,2026-09-20T07:56:13.526285+00:00
31,"The Ritz-Carlton Jakarta, Pacific Place",106.8065653,-6.2249576,hotel,41,https://regionalinvestment.bkpm.go.id/be/daerah/get_hotel_by_prov/31?_t=1789889629722,2026-09-20T07:56:13.526285+00:00
31,Alila SCBD Jakarta,106.8087942,-6.225442525,hotel,42,https://regionalinvestment.bkpm.go.id/be/daerah/get_hotel_by_prov/31?_t=1789889629722,2026-09-20T07:56:13.526285+00:00
31,Hotel Gran Mahakam,106.7954868,-6.24441175,hotel,43,https://regionalinvestment.bkpm.go.id/be/daerah/get_hotel_by_prov/31?_t=1789889629722,2026-09-20T07:56:13.526285+00:00
31,Amos Cozy Hotel & Convention Hall Jakarta,106.7990836,-6.245624045,hotel,44,https://regionalinvestment.bkpm.go.id/be/daerah/get_hotel_by_prov/31?_t=1789889629722,2026-09-20T07:56:13.526285+00:00
31,Mercure Jakarta Simatupang,106.7800583,-6.29084572,hotel,45,https://regionalinvestment.bkpm.go.id/be/daerah/get_hotel_by_prov/31?_t=1789889629722,2026-09-20T07:56:13.526285+00:00
31,Royal Kuningan Hotel,106.8300722,-6.206570061,hotel,46,https://regionalinvestment.bkpm.go.id/be/daerah/get_hotel_by_prov/31?_t=1789889629722,2026-09-20T07:56:13.526285+00:00
31,JS LUWANSA HOTEL,106.8329851,-6.222814052,hotel,47,https://regionalinvestment.bkpm.go.id/be/daerah/get_hotel_by_prov/31?_t=1789889629722,2026-09-20T07:56:13.526285+00:00
31,Pondok Layung Resort,106.809441447258,-6.27771819470319,hotel,48,https://regionalinvestment.bkpm.go.id/be/daerah/get_hotel_by_prov/31?_t=1789889629722,2026-09-20T07:56:13.526285+00:00
31,Ascott Kuningan Jakarta,106.8206998,-6.2239471,hotel,49,https://regionalinvestment.bkpm.go.id/be/daerah/get_hotel_by_prov/31?_t=1789889629722,2026-09-20T07:56:13.526285+00:00
31,Fairmont Jakarta Hotel,106.7964998,-6.2217511,hotel,50,https://regionalinvestment.bkpm.go.id/be/daerah/get_hotel_by_prov/31?_t=1789889629722,2026-09-20T07:56:13.526285+00:00
31,The Falatehan Hotel,106.8013851,-6.243044583,hotel,51,https://regionalinvestment.bkpm.go.id/be/daerah/get_hotel_by_prov/31?_t=1789889629722,2026-09-20T07:56:13.526285+00:00
31,Favehotel Gatot Subroto,106.8196124,-6.227125641,hotel,52,https://regionalinvestment.bkpm.go.id/be/daerah/get_hotel_by_prov/31?_t=1789889629722,2026-09-20T07:56:13.526285+00:00
31,Hotel Grand Menteng,106.85501,-6.200105721,hotel,53,https://regionalinvestment.bkpm.go.id/be/daerah/get_hotel_by_prov/31?_t=1789889629722,2026-09-20T07:56:13.526285+00:00
31,Park Hotel Jakarta,106.8756477,-6.243964954,hotel,54,https://regionalinvestment.bkpm.go.id/be/daerah/get_hotel_by_prov/31?_t=1789889629722,2026-09-20T07:56:13.526285+00:00
31,Fraser Residence Menteng Jakarta,106.8323637,-6.1848073,hotel,55,https://regionalinvestment.bkpm.go.id/be/daerah/get_hotel_by_prov/31?_t=1789889629722,2026-09-20T07:56:13.526285+00:00
31,Best Western Premier The Hive Hotel,106.8731749,-6.2447441,hotel,56,https://regionalinvestment.bkpm.go.id/be/daerah/get_hotel_by_prov/31?_t=1789889629722,2026-09-20T07:56:13.526285+00:00
31,FAVE HOTEL PGC CILILITAN,106.8633588,-6.2622295,hotel,57,https://regionalinvestment.bkpm.go.id/be/daerah/get_hotel_by_prov/31?_t=1789889629722,2026-09-20T07:56:13.526285+00:00
31,Hotel Paragon,106.8291358,-6.1865145,hotel,58,https://regionalinvestment.bkpm.go.id/be/daerah/get_hotel_by_prov/31?_t=1789889629722,2026-09-20T07:56:13.526285+00:00
31,Hotel Sahid Jaya,106.8180353,-6.211048,hotel,59,https://regionalinvestment.bkpm.go.id/be/daerah/get_hotel_by_prov/31?_t=1789889629722,2026-09-20T07:56:13.526285+00:00
31,Hotel Sari Pan Pasific,106.821506,-6.185669,hotel,60,https://regionalinvestment.bkpm.go.id/be/daerah/get_hotel_by_prov/31?_t=1789889629722,2026-09-20T07:56:13.526285+00:00
31,Alia Hotel Pasar Baru,106.8338733,-6.1644713,hotel,61,https://regionalinvestment.bkpm.go.id/be/daerah/get_hotel_by_prov/31?_t=1789889629722,2026-09-20T07:56:13.526285+00:00
31,The Orient,106.8158925245193,-6.215498272411345,hotel,62,https://regionalinvestment.bkpm.go.id/be/daerah/get_hotel_by_prov/31?_t=1789889629722,2026-09-20T07:56:13.526285+00:00
31,Somerset Berlian Jakarta,106.7793683,-6.223428,hotel,63,https://regionalinvestment.bkpm.go.id/be/daerah/get_hotel_by_prov/31?_t=1789889629722,2026-09-20T07:56:13.526285+00:00
31,Hotel Patra Jasa,106.7567436,-6.163564,hotel,64,https://regionalinvestment.bkpm.go.id/be/daerah/get_hotel_by_prov/31?_t=1789889629722,2026-09-20T07:56:13.526285+00:00
31,The Acacia Jakarta,106.8445118,-6.1889853,hotel,65,https://regionalinvestment.bkpm.go.id/be/daerah/get_hotel_by_prov/31?_t=1789889629722,2026-09-20T07:56:13.526285+00:00
31,The Hermitage Hotel Menteng Jakarta,106.8359632,-6.1981492,hotel,66,https://regionalinvestment.bkpm.go.id/be/daerah/get_hotel_by_prov/31?_t=1789889629722,2026-09-20T07:56:13.526285+00:00
31,Hotel Aryaduta,106.816090194172,-6.22003603568277,hotel,67,https://regionalinvestment.bkpm.go.id/be/daerah/get_hotel_by_prov/31?_t=1789889629722,2026-09-20T07:56:13.526285+00:00
31,Hotel Shangri-La,106.8163882,-6.2030293,hotel,68,https://regionalinvestment.bkpm.go.id/be/daerah/get_hotel_by_prov/31?_t=1789889629722,2026-09-20T07:56:13.526285+00:00
31,Mandarin Oriental,106.821627,-6.1960908,hotel,69,https://regionalinvestment.bkpm.go.id/be/daerah/get_hotel_by_prov/31?_t=1789889629722,2026-09-20T07:56:13.526285+00:00
31,FAVE HOTEL,106.8338113,-6.160132,hotel,70,https://regionalinvestment.bkpm.go.id/be/daerah/get_hotel_by_prov/31?_t=1789889629722,2026-09-20T07:56:13.526285+00:00
31,Merlynn Park Hotel,106.8131709,-6.1658915,hotel,71,https://regionalinvestment.bkpm.go.id/be/daerah/get_hotel_by_prov/31?_t=1789889629722,2026-09-20T07:56:13.526285+00:00
31,DoubleTree by Hilton Hotel Jakarta - Diponegoro,106.8408803,-6.198831,hotel,72,https://regionalinvestment.bkpm.go.id/be/daerah/get_hotel_by_prov/31?_t=1789889629722,2026-09-20T07:56:13.526285+00:00
31,FAVE HOTEL WAHID HASYIM,106.8186383,-6.187227,hotel,73,https://regionalinvestment.bkpm.go.id/be/daerah/get_hotel_by_prov/31?_t=1789889629722,2026-09-20T07:56:13.526285+00:00
31,Hotel Alpine,106.8346594,-6.1556108,hotel,74,https://regionalinvestment.bkpm.go.id/be/daerah/get_hotel_by_prov/31?_t=1789889629722,2026-09-20T07:56:13.526285+00:00
31,Hotel Borobudur,106.8333513,-6.172225,hotel,75,https://regionalinvestment.bkpm.go.id/be/daerah/get_hotel_by_prov/31?_t=1789889629722,2026-09-20T07:56:13.526285+00:00
31,Hotel Crowne Plaza,106.8126763,-6.221588,hotel,76,https://regionalinvestment.bkpm.go.id/be/daerah/get_hotel_by_prov/31?_t=1789889629722,2026-09-20T07:56:13.526285+00:00
31,Le Grandeur,106.8231733,-6.1371297,hotel,77,https://regionalinvestment.bkpm.go.id/be/daerah/get_hotel_by_prov/31?_t=1789889629722,2026-09-20T07:56:13.526285+00:00
31,Hotel Four Seasons,106.8174774,-6.2325862,hotel,78,https://regionalinvestment.bkpm.go.id/be/daerah/get_hotel_by_prov/31?_t=1789889629722,2026-09-20T07:56:13.526285+00:00
31,Hotel Golden Boutique,106.796554,-6.2452135,hotel,79,https://regionalinvestment.bkpm.go.id/be/daerah/get_hotel_by_prov/31?_t=1789889629722,2026-09-20T07:56:13.526285+00:00
31,Hotel Indonesia Kempinski Jakarta,106.8199196,-6.1952285,hotel,80,https://regionalinvestment.bkpm.go.id/be/daerah/get_hotel_by_prov/31?_t=1789889629722,2026-09-20T07:56:13.526285+00:00
31,Hotel Redtop,106.8245964,-6.1635686,hotel,81,https://regionalinvestment.bkpm.go.id/be/daerah/get_hotel_by_prov/31?_t=1789889629722,2026-09-20T07:56:13.526285+00:00
31,Hotel Sparks,106.8197948,-6.1497605,hotel,82,https://regionalinvestment.bkpm.go.id/be/daerah/get_hotel_by_prov/31?_t=1789889629722,2026-09-20T07:56:13.526285+00:00
31,Ibis Kemayoran,106.8395577,-6.1650371,hotel,83,https://regionalinvestment.bkpm.go.id/be/daerah/get_hotel_by_prov/31?_t=1789889629722,2026-09-20T07:56:13.526285+00:00
31,Quality Jakarta,106.8140613,-6.1467394,hotel,84,https://regionalinvestment.bkpm.go.id/be/daerah/get_hotel_by_prov/31?_t=1789889629722,2026-09-20T07:56:13.526285+00:00
31,Hotel Sofyan Betawi,106.804282,-6.2122241,hotel,85,https://regionalinvestment.bkpm.go.id/be/daerah/get_hotel_by_prov/31?_t=1789889629722,2026-09-20T07:56:13.526285+00:00
31,Grand Hyatt Jakarta,106.8200424,-6.1938404,hotel,86,https://regionalinvestment.bkpm.go.id/be/daerah/get_hotel_by_prov/31?_t=1789889629722,2026-09-20T07:56:13.526285+00:00
31,Hotel Ibis Tamarin,106.8246553,-6.18743,hotel,87,https://regionalinvestment.bkpm.go.id/be/daerah/get_hotel_by_prov/31?_t=1789889629722,2026-09-20T07:56:13.526285+00:00
31,BW Kemayoran Hotel & Convention,106.8526454,-6.160893189,hotel,88,https://regionalinvestment.bkpm.go.id/be/daerah/get_hotel_by_prov/31?_t=1789889629722,2026-09-20T07:56:13.526285+00:00
31,Ibis Jakarta Senen,106.8425235,-6.183361965,hotel,89,https://regionalinvestment.bkpm.go.id/be/daerah/get_hotel_by_prov/31?_t=1789889629722,2026-09-20T07:56:13.526285+00:00
31,Grand Mercure Jakarta Harmoni,106.819365,-6.160297547,hotel,90,https://regionalinvestment.bkpm.go.id/be/daerah/get_hotel_by_prov/31?_t=1789889629722,2026-09-20T07:56:13.526285+00:00
31,Best Western Mangga Dua Hotel & Residence,106.8273005,-6.139664268,hotel,91,https://regionalinvestment.bkpm.go.id/be/daerah/get_hotel_by_prov/31?_t=1789889629722,2026-09-20T07:56:13.526285+00:00
31,Millennium Hotel Sirih Jakarta,106.8166107,-6.182046827,hotel,92,https://regionalinvestment.bkpm.go.id/be/daerah/get_hotel_by_prov/31?_t=1789889629722,2026-09-20T07:56:13.526285+00:00
31,Hotel Marcopolo Jakarta,106.8370063,-6.195347717,hotel,93,https://regionalinvestment.bkpm.go.id/be/daerah/get_hotel_by_prov/31?_t=1789889629722,2026-09-20T07:56:13.526285+00:00
31,Sari Pacific Jakarta,106.8236043,-6.18548965,hotel,94,https://regionalinvestment.bkpm.go.id/be/daerah/get_hotel_by_prov/31?_t=1789889629722,2026-09-20T07:56:13.526285+00:00
31,Pullman Jakarta Indonesia Thamrin CBD,106.8237275,-6.193016893,hotel,95,https://regionalinvestment.bkpm.go.id/be/daerah/get_hotel_by_prov/31?_t=1789889629722,2026-09-20T07:56:13.526285+00:00
31,Oasis Amir Hotel,106.8391225,-6.174398133,hotel,96,https://regionalinvestment.bkpm.go.id/be/daerah/get_hotel_by_prov/31?_t=1789889629722,2026-09-20T07:56:13.526285+00:00
31,Artotel Gelora Senayan,106.8030199,-6.223062251,hotel,97,https://regionalinvestment.bkpm.go.id/be/daerah/get_hotel_by_prov/31?_t=1789889629722,2026-09-20T07:56:13.526285+00:00
31,Hotel Mulia Senayan,106.7970568,-6.214966167,hotel,98,https://regionalinvestment.bkpm.go.id/be/daerah/get_hotel_by_prov/31?_t=1789889629722,2026-09-20T07:56:13.526285+00:00
31,The Tavia Heritage Hotel,106.8608193,-6.173476398,hotel,99,https://regionalinvestment.bkpm.go.id/be/daerah/get_hotel_by_prov/31?_t=1789889629722,2026-09-20T07:56:13.526285+00:00
31,Triniti Jakarta,106.8164408,-6.162502334,hotel,100,https://regionalinvestment.bkpm.go.id/be/daerah/get_hotel_by_prov/31?_t=1789889629722,2026-09-20T07:56:13.526285+00:00
31,Orchardz Hotel Jayakarta,106.8287414,-6.143152336,hotel,101,https://regionalinvestment.bkpm.go.id/be/daerah/get_hotel_by_prov/31?_t=1789889629722,2026-09-20T07:56:13.526285+00:00
31,Classic Hotel Jakarta,106.829765,-6.161680599,hotel,102,https://regionalinvestment.bkpm.go.id/be/daerah/get_hotel_by_prov/31?_t=1789889629722,2026-09-20T07:56:13.526285+00:00
31,Keraton at The Plaza a Luxury Collection Hotel Jakarta,106.8193393,-6.192679,hotel,103,https://regionalinvestment.bkpm.go.id/be/daerah/get_hotel_by_prov/31?_t=1789889629722,2026-09-20T07:56:13.526285+00:00
31,Hotel Traveller,106.8293823,-6.1467403,hotel,104,https://regionalinvestment.bkpm.go.id/be/daerah/get_hotel_by_prov/31?_t=1789889629722,2026-09-20T07:56:13.526285+00:00
31,Ascott Jakarta,106.8163545,-6.1949157,hotel,105,https://regionalinvestment.bkpm.go.id/be/daerah/get_hotel_by_prov/31?_t=1789889629722,2026-09-20T07:56:13.526285+00:00
31,Grand Tropic All Suites,106.7856208,-6.1714663,hotel,106,https://regionalinvestment.bkpm.go.id/be/daerah/get_hotel_by_prov/31?_t=1789889629722,2026-09-20T07:56:13.526285+00:00
31,Pullman Jakarta Central Park,106.7892343,-6.177561308,hotel,107,https://regionalinvestment.bkpm.go.id/be/daerah/get_hotel_by_prov/31?_t=1789889629722,2026-09-20T07:56:13.526285+00:00
31,Twin Plaza International,106.7951373,-6.1825341,hotel,108,https://regionalinvestment.bkpm.go.id/be/daerah/get_hotel_by_prov/31?_t=1789889629722,2026-09-20T07:56:13.526285+00:00
31,Paninsula Tower,106.7954344,-6.1900359,hotel,109,https://regionalinvestment.bkpm.go.id/be/daerah/get_hotel_by_prov/31?_t=1789889629722,2026-09-20T07:56:13.526285+00:00
31,Hotel Santika,106.7886749,-6.1856678,hotel,110,https://regionalinvestment.bkpm.go.id/be/daerah/get_hotel_by_prov/31?_t=1789889629722,2026-09-20T07:56:13.526285+00:00
31,Hotel Mercure Rekso,106.8121591,-6.146118,hotel,111,https://regionalinvestment.bkpm.go.id/be/daerah/get_hotel_by_prov/31?_t=1789889629722,2026-09-20T07:56:13.526285+00:00
31,Hotel Ibis Slipi,106.7969243,-6.199314,hotel,112,https://regionalinvestment.bkpm.go.id/be/daerah/get_hotel_by_prov/31?_t=1789889629722,2026-09-20T07:56:13.526285+00:00
31,Hotel Ciputra,106.7844308,-6.168028,hotel,113,https://regionalinvestment.bkpm.go.id/be/daerah/get_hotel_by_prov/31?_t=1789889629722,2026-09-20T07:56:13.526285+00:00
31,Hotel Augusta,106.7270762,-6.1452523,hotel,114,https://regionalinvestment.bkpm.go.id/be/daerah/get_hotel_by_prov/31?_t=1789889629722,2026-09-20T07:56:13.526285+00:00
31,FAVE HOTEL PURI INDAH,106.7491737,-6.1828723,hotel,115,https://regionalinvestment.bkpm.go.id/be/daerah/get_hotel_by_prov/31?_t=1789889629722,2026-09-20T07:56:13.526285+00:00
31,B FASHION HOTEL,106.789791,-6.1818033,hotel,116,https://regionalinvestment.bkpm.go.id/be/daerah/get_hotel_by_prov/31?_t=1789889629722,2026-09-20T07:56:13.526285+00:00
31,The Media Hotel &amp; Towers,106.8123154,-6.1481655,hotel,117,https://regionalinvestment.bkpm.go.id/be/daerah/get_hotel_by_prov/31?_t=1789889629722,2026-09-20T07:56:13.526285+00:00
31,FAVE HOTEL,106.7908076,-6.1258109,hotel,118,https://regionalinvestment.bkpm.go.id/be/daerah/get_hotel_by_prov/31?_t=1789889629722,2026-09-20T07:56:13.526285+00:00
31,Putri Duyung Cottage,106.8409606,-6.121558055,hotel,119,https://regionalinvestment.bkpm.go.id/be/daerah/get_hotel_by_prov/31?_t=1789889629722,2026-09-20T07:56:13.526285+00:00
31,CONDOTEL GOLDEN SKY,106.7894503,-6.120559762,hotel,120,https://regionalinvestment.bkpm.go.id/be/daerah/get_hotel_by_prov/31?_t=1789889629722,2026-09-20T07:56:13.526285+00:00
31,Grand Asia Hotel Jakarta,106.7949746,-6.137218549,hotel,121,https://regionalinvestment.bkpm.go.id/be/daerah/get_hotel_by_prov/31?_t=1789889629722,2026-09-20T07:56:13.526285+00:00
31,Mercure Convention Center,106.8342943,-6.122326,hotel,122,https://regionalinvestment.bkpm.go.id/be/daerah/get_hotel_by_prov/31?_t=1789889629722,2026-09-20T07:56:13.526285+00:00
31,Hotel Sunlake,106.8773863,-6.1469273,hotel,123,https://regionalinvestment.bkpm.go.id/be/daerah/get_hotel_by_prov/31?_t=1789889629722,2026-09-20T07:56:13.526285+00:00
31,Novotel Mangga Dua,106.831839286986,-6.13816991670292,hotel,124,https://regionalinvestment.bkpm.go.id/be/daerah/get_hotel_by_prov/31?_t=1789889629722,2026-09-20T07:56:13.526285+00:00
31,Hotel Le Grandeur,106.8231733,-6.137135,hotel,125,https://regionalinvestment.bkpm.go.id/be/daerah/get_hotel_by_prov/31?_t=1789889629722,2026-09-20T07:56:13.526285+00:00
31,Hotel Danau Sunter,106.8773863,-6.1469273,hotel,126,https://regionalinvestment.bkpm.go.id/be/daerah/get_hotel_by_prov/31?_t=1789889629722,2026-09-20T07:56:13.526285+00:00
